0,1,2
,,"qu’ils  sont  à  juste  titre  soulignés  dans  le 
rapport.  Il  semble  utile  d’éclairer  les  desti-
nataires de cette fiche mémo sur cet aspect 
des 
choses 
sans  doute 
insuffisamment 
connu, bien  que  la lombalgie soit un motif 
de 
recours  au  médecin 
traitant 
très 
fré-
quent. Le renvoi vers une production de re-
commandation  à venir (non spécifique) sur 
la prévention de la désinsertion profession-
nelle  doit  être  envisagé  comme  complé-
mentaire  et  ne  saurait  se  substituer  à  une 
information dédiée dans cette fiche mémo."
COMMENTAIRES GÉNÉRAUX (notamment sur les algorithmes et drapeaux),,
SOFMMOO,"I
Dans l’algorythme de prise en charge : partie 1 :  
Autogestion - - -de grâce rappeler la nécessité d’un examen PHYSIQUE soigneux et compétent : 
les  formations  universitaires  pour 
les  médecins  existent :  pourquoi  restent  elles  aussi 
confidentielles ????? 
De même dans ré évaluation des symptômes : questionnaires, examen physique encore une fois, 
testing d’effort ?? 
MÉRITERAIT QUELQUES PRÉCISIONS. 
Dans le document de travail à la page 15 en bas : 
l est important de veiller à la cohérence des propositions thérapeutiques au sein de l'équipe 
pluridisciplinaire en raison du caractère délétère des discours discordants.  
Savoir remettre en question un diagnostic et un protocole thérapeutique très tôt au cours de 
l’évolution - - - - dans les 3 premières semaines notamment - - - d’où le recours plus systé-
matiques aux équipes compétentes et diplômées. 
Ceci impose un certain courage dans le discours officiel, et recadrer les choses clairement 
au sein de l’enseignement initial de l’omnipraticien- - - - et probablement de certains prati-
ciens d’imagerie?",
AFC,"D
Concernant  les  algorithmes  en  fin  de  fiche  mémo,  ils  sont  tous  les  deux  incomplets  n’incluant 
uniquement que certaines thérapies recommandées plus haut. De plus, dans ces algorithmes, une 
liste  de  professionnels  est  énumérée  dans  l’encadré  « Prise  en  charge  multidisciplinaires  des 
lombalgies chroniques ou à risque de chronicité » là encore, quels sont les arguments pour limiter 
cette liste à ces professionnels. 
’après  le  guide  méthodologique  décrivant  la  méthode  d’élaboration  des  fiches  mémos  et  des 
fiches pertinences publié en Avril 2016 par la HAS, plusieurs questions relatives à la méthode de 
travail utilisée et décrite dans le rapport d’élaboration se posent : 
- 
Un  des  buts  du  rapport  d’élaboration  est  de  « Réaliser  une  recherche  bibliographique 
systématisée afin d’identifier et de sélectionner les références conformes aux critères de 
sélection  pré-établis »,  or  d’après 
le 
rapport  d’élaboration, 
la 
recherche  n’est  pas 
systématisée  car  certains  guides  de  bonne  pratique  ne  sont  pas 
inclus  comme  par 
exemple les  guides  de  bonne  pratique  suivants  publiés  pendant  la  période  de  temps 
recherché : 
- 
Wong JJ, Côté P, Sutton DA, Randhawa K, Yu H, Varatharajan S, Goldgrub R, Nordin M, 
Gross  DP,  Shearer  HM,  Carroll  LJ,  Stern  PJ,  Ameis  A,  Southerst  D,  Mior  S,  Stupar  M, 
Varatharajan  T,  Taylor-Vaisey  A. :  Clinical  practice  guidelines 
for 
the  noninvasive 
management  of  low  back  pain:  A  systematic  review  by  the  Ontario  Protocol  for  Traffic 
Injury Management (OPTIMa) Collaboration. Eur J Pain. 2017 Feb;21(2):201-216.  
- 
Bussières  AE, Stewart  G, Al-Zoubi  F, Decina  P, Descarreaux  M, Haskett  D, Hincapié 
C, Pagé  I, Passmore  S, Srbely  J, Stupar  M, Weisberg  J, Ornelas  J :  Spinal  Manipulative 
Therapy  and  Other  Conservative  Treatments  for  Low  Back  Pain:  A  Guideline  From  the 
Canadian 
Chiropractic 
Guideline 
Initiative. 
J 
Manipulative 
Physiol 
Ther. 2018 
May;41(4):265-293. doi: 10.1016/j.jmpt.2017.12.004. Epub 2018 Mar 30. 
- 
Kreiner, D.S., Hwang, S.W., Easa, J.E., Resnick, D.K., Baisden, J.L., Bess, S., Cho, C.H., 
DePalma, M.J., Dougherty, P. 2nd, Fernand, R., Ghiselli, G., Hanna, A.S., Lamer, T., Lisi, 
A.J.,  Mazanec,  D.J.,  Meagher,  R.J.,  Nucci,  R.C.,  Patel,  R.D.,  Sembrano,  J.N.,  Sharma,",
