0,1,2,3
Type d'étude / sujet / Termes utilisés,,"Période de 
recherche","Nombre de 
références"
,,,
Recommandations,,,
Etape 1,"""Sciatica""[Majr]) OR ""Back Pain""[Majr:NoExp] OR 
""Low Back Pain""[Majr:NoExp] OR back pain Or 
sciatica Field: Title 
AND","01/2013-
04/2018",
ET,,,
Etape 2,"Guideline* or Guidance or Consensus or 
Recommend* Field: Title",,105
"Méta-analyses, revues systématiques",,,
Etape 1,,"01/2016-
04/2018",
ET,,,
Etape 3,"""Meta-Analysis as Topic""[Mesh] OR ""Meta-
Analysis ""[Publication Type] OR ""Review 
Literature as Topic""[Mesh] OR “Meta Analysis” 
OR “systematic Review” OR “Literature review” 
Or ""Quantitative Review"" OR “pooled analysis” 
[title/abstract]",,219
Nombre total de références obtenues                       324,,,
