0,1,2,3
"Recommandation 
Année 
Pays",,,
"American College of 
Physicians, 2017 (9, 13, 14)","2017 (recherche biblio 
jusqu’en 2016)",États-Unis,"Recommandation forte concernant la lombalgie chronique : 
Pour les patients souffrant de lombalgie chronique, les cliniciens et 
les patients devraient d'abord choisir un traitement non 
pharmacologique comprenant de l'exercice, une réadaptation 
multidisciplinaire, l'acupuncture, une réduction du stress basée sur 
la pleine conscience (preuves de qualité moyenne), le tai-chi, le 
yoga, le contrôle moteur, la relaxation progressive, le biofeedback 
électromyographique, le laser à faible intensité, le conditionnement"
