0,1,2,3
"Recommandation 
Année 
Pays",,,
,,,"opérant, les thérapies cognitivo-comportementales ou 
manipulations rachidiennes (preuves de faible qualité)."
"Toward Optimized Practice, 
2015 (11)","2015 (recherche biblio 
jusqu’en 2014)",Canada (Alberta),"Il existe des preuves que les types de yoga Viniyoga et Iyengar 
peuvent être utiles dans le traitement des lombalgies chroniques. 
Aucune preuve n'a été trouvée pour recommander d'autres types 
de yoga. 
Niveau de preuve : issu de revues systématiques"
