0,1,2,3
"Recommandation 
Année 
Pays",,,
,,,"multidisciplinaire, l'acupuncture, une réduction du stress basée sur 
la pleine conscience (preuves de qualité moyenne), le tai-chi, le 
yoga, le contrôle moteur, la relaxation progressive, le biofeedback 
électromyographique, le laser à faible intensité, le conditionnement 
opérant, les thérapies cognitivo-comportementales ou 
manipulations rachidiennes (preuves de faible qualité)."
"Toward Optimized Practice, 
2015 (11)","2015 (recherche biblio 
jusqu’en 2014)",Canada (Alberta),"L
Lorsqu'il n'existe pas de programmes de thérapie cognitivo-
comportementale de la douleur chronique en groupe, envisager 
l'aiguillage vers une thérapie cognitivo-comportementale 
individuelle offerte par un psychologue ou un autre fournisseur 
qualifié ayant une formation ou une expérience en thérapie 
cognitivo-comportementale pour la gestion de la douleur chronique. 
Niveau de preuve : issu de revues systématiques 
a relaxation progressive ou le biofeedback électromyographique 
(EMG) peuvent être envisagés pour les douleurs chroniques. 
Niveau de preuve : issu de revues systématiques"
