0,1,2,3,4
"Auteurs, 
Recherche 
Question 
Critères de sélection des articles 
année, 
documentaire, date 
Résultats et signification 
Critères de jugement 
Population 
référence 
de recherche limite",,,,
,,,,"L
pas à moyen terme (15 études, différence 
moyenne 0,14 [-0,10 à 0,39]). De même, 
l’incapacité était significative à court terme 
(cinq études, différence moyenne 
standardisée 0,27 [0,01 à 0,54]) et long 
terme (différence moyenne standardisée 
0,25 [0,07 à 0,43]) mais pas à moyen terme 
(différence moyenne standardisée 0,12 [-
0,06 à 0,30]). 
a comparaison entre psychologie et une 
intervention combinée n’a pas retrouvé de 
différence, basé sur une seule étude."
"Straube et 
al., 2016 (78)","Évaluation de l’efficacité des 
écoles du dos pour la lombalgie 
chronique. Les critères principaux 
étaient la douleur et la fonction.","Essais randomisés contrôlés 
évaluant les écoles du dos 
versus autre traitement ou 
absence de traitement, chez des 
patients ayant une lombalgie 
chronique.","Medline, Embase, 
Cochrane jusqu’en 
octobre 2015","Trente-et-une études ont été incluses dans 
une revue qualitative. Compte tenu de 
l’hétérogénéité des comparateurs actifs, 
seules les études comparant une école du 
dos à des soins usuels ont été incluses dans 
la méta-analyse (cinq études ont été 
incluses). Les modalités d’écoles du dos 
étaient très hétérogènes. Le risque de biais 
était élevé pour la plupart des études.  
La douleur était réduite lors de l’évaluation à 
1-2 mois (différence moyenne -1,08 [-1,73 à 
-0,43]), mais n’était plus significative à 6 
mois (différence moyenne -1,35 [-2,74 à 
0,04]). De même, l’incapacité était diminuée 
à 1-2 mois (différence moyenne -1,63 [-2,73 
à -0,52]), mais pas à 6 mois (différence 
moyenne -0,95 [-2,09 à 0,18])."
