0,1,2,3,4
"Auteurs, année, 
référence","Question 
Critères de jugement","Critères de sélection des 
articles 
Population","Recherche documentaire, 
date de recherche limite",Résultats et signification
"Saragiotto et al., 
2016 (24)","Évaluation du 
paracétamol dans la 
lombalgie, selon l’EVA 
douleur ou l’incapacité","Études contrôlées 
randomisées versus 
placebo. Patients ayant 
une lombalgie aiguë ou 
chronique","Registre Cochrane des 
essais randomisés, 
MEDLINE, EMBASE, 
CINAHL, AMED, Web of 
Science, LILACS, et IPA 
jusqu’en août 2015","Trois études ont été incluses (1 825 participants), 
deux concernaient la lombalgie aiguë et une la 
lombalgie chronique. Avec un haut niveau de 
preuve, il a été conclu que le paracétamol 
n’améliorait pas la douleur, l’incapacité, l’impression 
d’amélioration, le sommeil dans la lombalgie aiguë. 
Il n’y avait pas de différence d’effets secondaires. 
Pour la lombalgie chronique, un seul essai avec un 
niveau de preuve faible n’a pas retrouvé d’efficacité 
du paracétamol sur la douleur ou l’incapacité."
