0,1
Promoteur / Année / Pays,
,"I
  C
- la combinaison d’un des huit : douleurs à la jambe ou à la fesse, une femme, un âge plus avancé, un IMC < 23, une 
anomalie de la marche, pas d'exercice régulier, douleurs en position assise, arthrose ; 
- au moins un des trois parmi : sexe féminin, âge de plus de 70 ans, ayant subi un traumatisme grave ou un usage prolongé 
de corticostéroïdes ; 
- traumatisme avec signes neurologiques. 
Note : il n'y a pas suffisamment de données sur les antécédents d'ostéoporose comme facteur de risque spécifique. 
nfection (douleur lombaire + fièvre) 
auses viscérales (problèmes pelviens, prostatite, endométriose, MICI, pathologie rénale, anévrisme de l’aorte, atteinte 
gastro-intestinale, pancréatite, cholécystite, ulcère perforé, atteinte cardiaque ou péricardique, atteinte pulmonaire ou pleurale)"
"2
Toward Optimized 
Practice, 2015 (11)  
Canada (Alberta) 
015 (recherche biblio 
jusqu’en 2014)","Recommandation pour :  
Le premier praticien qualifié, capable d'effectuer une évaluation complète (c.-à-d. antécédents, drapeaux rouges physiques et 
neurologiques et drapeaux jaunes psychosociaux), devrait évaluer le patient et entreprendre un triage diagnostique pour 
résumer les symptômes rouges et jaunes. Si une pathologie spinale grave est exclue, prendre en charge les douleurs 
lombaires non spécifiques. 
Niveau de preuve : issu de revues systématiques"
"Chenot et al., 2017  
(12) Allemagne","Si le diagnostic initial et l’examen physique d’un patient lombalgique n’orientent pas vers une pathologie sérieuse, il n’y a pas 
d’indication à réaliser des examens complémentaires (accord d’experts, recommandation forte). Une évaluation diagnostique 
intensive, qui n'est pas justifiée par les résultats cliniques, n'aboutira qu'exceptionnellement à un diagnostic pertinent et 
spécifique et pourrait bien favoriser la fixation du patient sur son état et la chronicisation de la douleur. 
Si des signes d’alerte (drapeaux rouges) sont présents, d'autres examens d'imagerie ou de laboratoire et/ou l'aiguillage vers 
un spécialiste devraient alors suivre, selon le diagnostic particulier que l'on soupçonne et son degré d'urgence (accord 
d’experts, recommandation forte)"
