0,1,2,3,4
"Critères de sélection des 
Auteurs, année, 
Question 
Recherche documentaire, 
articles 
Résultats et signification 
référence 
Critères de jugement 
date de recherche limite 
Population",,,,
,,,,lorsque le suivi était au-delà de 6 semaines.
"Jauregui et al., 
2016 (80)","Évaluation de l’efficacité 
de la stimulation 
transcutanée dans la 
lombalgie chronique. Le 
critère principal était la 
douleur lombaire.","Études randomisées 
contrôlées, études en 
crossover, études de 
cohorte.","PubMed, Ovid, Cochrane, 
Embase de 1980 à mars 
2015","Treize études ont été incluses. Les biais potentiels 
des études incluses ne sont pas discutés et la 
méthodologie de chaque étude non précisée. La 
différence moyenne standardisée pré- vs post-
traitement était de 0,85/10 [0 ,44 à 1,25]."
