,count
http://www.w3.org/ns/oa#hasSelector,473685
http://www.w3.org/1999/02/22-rdf-syntax-ns#type,215557
http://www.w3.org/ns/oa#end,64812
http://www.w3.org/ns/oa#start,64812
http://www.w3.org/ns/oa#exact,64812
http://www.w3.org/ns/lemon/ontolex#denotes,21874
http://www.w3.org/ns/oa#hasTarget,21574
http://www.w3.org/ns/oa#hasBody,21574
http://schema.org/about,21574
http://www.w3.org/ns/prov#wasAttributedTo,21293
http://www.w3.org/ns/lemon/ontolex#writtenRep,12027
http://www.w3.org/ns/lemon/ontolex#otherForm,8753
http://www.w3.org/ns/lemon/ontolex#canonicalForm,8753
http://www.w3.org/2004/02/skos/core#narrower,8270
http://www.w3.org/ns/lemon/ontolex#isConceptOf,5121
https://has.tchechmedjiev.eu/genericRelation,4562
http://www.w3.org/2004/02/skos/core#exactMatch,3959
http://www.w3.org/ns/lemon/ontolex#lexicalizedSense,3712
http://www.w3.org/ns/lemon/ontolex#sense,3712
http://dbpedia.org/ontology/wikiPageWikiLink,3054
https://has.tchechmedjiev.eu/associativeRelation,1505
https://has.tchechmedjiev.eu/activityRelation,1184
https://has.tchechmedjiev.eu/propertyRelation,612
http://www.w3.org/2000/01/rdf-schema#comment,253
https://w3id.org/framester/framenet/tbox/frame_ID,253
http://www.w3.org/2000/01/rdf-schema#label,253
https://w3id.org/framester/framenet/tbox/frame_name,253
https://w3id.org/framester/framenet/tbox/definition,253
https://has.tchechmedjiev.eu/partitiveRelation,201
http://dbpedia.org/ontology/country,139
https://has.tchechmedjiev.eu/instrumentalRelation,102
https://has.tchechmedjiev.eu/spatialRelation,76
http://www.wikidata.org/entity/P17,63
https://has.tchechmedjiev.eu/originationRelation,63
http://www.w3.org/ns/lemon/vartrans#source,54
http://www.w3.org/ns/lemon/vartrans#target,54
http://www.wikidata.org/entity/P530,40
https://w3id.org/framester/framenet/tbox/vnRole,27
https://w3id.org/framester/framenet/tbox/hasFrameElement,27
http://dbpedia.org/ontology/headquarter,26
http://www.wikidata.org/entity/P31,25
http://www.wikidata.org/entity/P279,24
http://www.wikidata.org/entity/P47,22
http://dbpedia.org/ontology/citizenship,19
http://dbpedia.org/ontology/follows,16
http://dbpedia.org/ontology/followedBy,16
http://dbpedia.org/ontology/nationality,13
http://dbpedia.org/ontology/city,12
http://dbpedia.org/ontology/originalLanguage,11
http://www.wikidata.org/entity/P495,10
http://www.wikidata.org/entity/P361,10
http://dbpedia.org/ontology/isPartOf,8
https://has.tchechmedjiev.eu/causalRelation,8
http://fr.dbpedia.org/property/classetherapeutique,8
http://fr.dbpedia.org/property/langue,8
http://dbpedia.org/ontology/birthPlace,8
http://www.wikidata.org/entity/P2176,7
http://fr.dbpedia.org/property/ville,7
http://dbpedia.org/ontology/deathPlace,7
http://www.wikidata.org/entity/P2175,7
http://www.wikidata.org/entity/P37,7
http://www.wikidata.org/entity/P131,6
http://www.wikidata.org/entity/P159,5
http://www.wikidata.org/entity/P1995,5
http://www.wikidata.org/entity/P150,4
http://www.wikidata.org/entity/P38,4
http://fr.dbpedia.org/property/pays,4
http://fr.dbpedia.org/property/siège,4
http://dbpedia.org/ontology/discipline,3
http://fr.dbpedia.org/property/lieuDeNaissance,3
http://www.wikidata.org/entity/P30,3
http://www.wikidata.org/entity/P364,3
http://dbpedia.org/ontology/previousEntity,3
http://dbpedia.org/ontology/biggestCity,3
http://fr.dbpedia.org/property/plusGrandeVille,3
http://fr.dbpedia.org/property/siège(ville)_,3
http://dbpedia.org/ontology/industry,3
http://fr.dbpedia.org/property/capitale,3
http://fr.dbpedia.org/property/lieu,3
http://dbpedia.org/ontology/capital,3
http://www.wikidata.org/entity/P2936,3
http://fr.dbpedia.org/property/parti,3
http://dbpedia.org/ontology/owner,3
http://dbpedia.org/ontology/occupation,3
http://www.wikidata.org/entity/P527,2
http://fr.dbpedia.org/property/propriétaire,2
http://dbpedia.org/ontology/regionServed,2
http://www.wikidata.org/entity/P1001,2
http://www.wikidata.org/entity/P206,2
http://dbpedia.org/ontology/battle,2
http://fr.dbpedia.org/property/sud,2
http://fr.dbpedia.org/property/nord,2
http://fr.dbpedia.org/property/antidote,2
http://fr.dbpedia.org/property/langueHymne,2
http://dbpedia.org/ontology/nextEntity,2
http://fr.dbpedia.org/property/nationalité,2
http://dbpedia.org/ontology/namedAfter,2
http://fr.dbpedia.org/property/secteursD'activités,2
http://fr.dbpedia.org/property/origine,2
http://www.wikidata.org/entity/P425,2
http://dbpedia.org/ontology/ideology,2
http://www.wikidata.org/entity/P106,1
http://www.wikidata.org/entity/P20,1
http://dbpedia.org/ontology/recordLabel,1
http://dbpedia.org/ontology/geolocDepartment,1
http://www.wikidata.org/entity/P1552,1
http://fr.dbpedia.org/property/nomParlement,1
http://fr.dbpedia.org/property/guerres,1
http://fr.dbpedia.org/property/langueDeFacto,1
http://schema.org/text,1
http://fr.dbpedia.org/property/titreLeadera,1
http://fr.dbpedia.org/property/est,1
http://fr.dbpedia.org/property/langues,1
http://www.wikidata.org/entity/P407,1
http://fr.dbpedia.org/property/categoriepsycho,1
http://www.wikidata.org/entity/P463,1
http://fr.dbpedia.org/property/circonscription,1
http://dbpedia.org/ontology/locationCountry,1
http://fr.dbpedia.org/property/enregistréLieu,1
http://www.wikidata.org/entity/P452,1
http://fr.dbpedia.org/property/titres,1
http://www.wikidata.org/entity/P1269,1
http://dbpedia.org/ontology/maintainedBy,1
http://www.wikidata.org/entity/P189,1
http://fr.dbpedia.org/property/zoneD'influence,1
http://www.wikidata.org/entity/P209,1
http://fr.dbpedia.org/property/profession,1
http://www.wikidata.org/entity/P355,1
http://dbpedia.org/ontology/builder,1
http://fr.dbpedia.org/property/début,1
http://fr.dbpedia.org/property/municipales2001PremierParti,1
http://fr.dbpedia.org/property/municipales2014SecondParti,1
http://www.wikidata.org/entity/P1412,1
http://fr.dbpedia.org/property/scissionDe,1
http://fr.dbpedia.org/property/combattants,1
http://www.wikidata.org/entity/P27,1
http://fr.dbpedia.org/property/lieuDeDécès,1
http://fr.dbpedia.org/property/lieuparution,1
http://fr.dbpedia.org/property/auteur,1
http://www.wikidata.org/entity/P127,1
http://www.wikidata.org/entity/P641,1
http://dbpedia.org/ontology/team,1
http://www.wikidata.org/entity/P840,1
http://fr.dbpedia.org/property/marque,1
http://dbpedia.org/ontology/subsidiary,1
http://www.wikidata.org/entity/P1376,1
http://www.wikidata.org/entity/P19,1
http://dbpedia.org/ontology/recordedIn,1
http://fr.dbpedia.org/property/classe,1
http://fr.dbpedia.org/property/chantier,1
http://dbpedia.org/ontology/nextEvent,1
http://fr.dbpedia.org/property/qualité,1
http://schema.org/description,1
http://fr.dbpedia.org/property/discipline,1
http://fr.dbpedia.org/property/sudOuest,1
http://www.wikidata.org/entity/P1542,1
http://fr.dbpedia.org/property/filiales,1
http://dbpedia.org/ontology/southPlace,1
http://fr.dbpedia.org/property/conflit,1
http://dbpedia.org/ontology/currentTeam,1
http://fr.dbpedia.org/property/sortie,1
http://fr.dbpedia.org/property/régionales2004PremierParti,1
http://fr.dbpedia.org/property/lieuFondation,1
http://dbpedia.org/ontology/deFactoLanguage,1
http://fr.dbpedia.org/property/langueDeJure,1
http://dbpedia.org/ontology/conflict,1
http://fr.dbpedia.org/property/fonction,1
http://fr.dbpedia.org/property/p,1
http://www.wikidata.org/entity/P36,1
http://fr.dbpedia.org/property/métiersVoisins,1
http://fr.dbpedia.org/property/langueDevise,1
http://fr.dbpedia.org/property/municipales2008PremierParti,1
http://fr.dbpedia.org/property/accès,1
http://dbpedia.org/ontology/league,1
http://www.wikidata.org/entity/P807,1
http://fr.dbpedia.org/property/régionales2010PremierParti,1
http://fr.dbpedia.org/property/régionales2015PremierParti,1
http://fr.dbpedia.org/property/européennes2014SecondParti,1
http://www.wikidata.org/entity/P460,1
http://dbpedia.org/ontology/place,1
http://dbpedia.org/ontology/language,1
http://dbpedia.org/ontology/wikiPageRedirects,1
http://fr.dbpedia.org/property/européennes2004PremierParti,1
